,date,first_visited_time,first_visited_chrome_title,last_visited_time,last_visited_chrome_title,total_school_keyword_count,uva,canvas,zzb2rf,drive,last_school_keyword_visit_time
0,2024-02-24,13:21:35,demo-music-app/js/script.js at 90a0bf5dd9aa8152c9ae0a57e5d200fe9eec1266 ¬∑ elaine-zhang12/demo-music-app,23:46:30,Devpost,284,275,9,0,0,23:46:30
1,2024-02-25,00:10:59,Emily Chang's (ec5ug) software portfolio | Devpost,23:25:44,Carbon Conscious | Devpost,88,62,16,0,10,23:25:44
2,2024-02-26,09:32:04,"Your Projects - Overleaf, Online LaTeX Editor",22:07:04,View Submission | Gradescope,65,43,8,14,0,22:07:04
3,2024-02-27,12:21:02,overlead - Google Search,23:58:28,nba - Google Search,66,36,18,6,6,23:58:28
4,2024-02-28,00:03:10,Tutorial Two ¬∑ KLEE,23:37:52,"Inbox (5,164) - elzhang066@gmail.com - Gmail",107,44,37,15,11,23:37:52
5,2024-02-29,00:12:54,NetBadge Message - Loading Session Information,16:29:03,Applicant Status Portal,83,16,33,6,28,16:29:03
6,2024-03-01,,,,,0,0,0,0,0,
7,2024-03-02,,,,,0,0,0,0,0,
8,2024-03-03,,,,,0,0,0,0,0,
9,2024-03-04,,,,,0,0,0,0,0,
10,2024-03-05,,,,,0,0,0,0,0,
11,2024-03-06,,,,,0,0,0,0,0,
12,2024-03-07,11:43:37,Welcome to Fairfax County Public Library Wireless,13:35:43,"Inbox (5,202) - elzhang066@gmail.com - Gmail",2,2,0,0,0,13:35:43
13,2024-03-08,,,,,0,0,0,0,0,
14,2024-03-09,19:41:56,ChatGPT,21:40:45,CS 3120 (73 unread) | Piazza QA,2,2,0,0,0,21:40:45
15,2024-03-10,10:20:52,Piazza ‚Ä¢ Ask. Answer. Explore. Whenever.,20:42:32,CS 3120 (73 unread) | Piazza QA,28,6,0,2,20,20:42:32
16,2024-03-11,10:01:41,CS 6888 Project Proposal - Google Slides,21:15:45,List of actors with two or more Academy Awards in acting categories - Wikipedia,52,29,3,8,12,21:15:45
17,2024-03-12,10:13:32,GitHub,20:53:30,CS_ 6888-001 (6 unread) | Piazza QA,61,13,41,7,0,20:53:30
18,2024-03-13,10:20:20,NetBadge Message - Loading Session Information,23:23:03,RemLife - YouTube,16,6,8,2,0,23:23:03
19,2024-03-14,08:58:46,Sipser - Introduction to the theory of computation - 2nd Ed.djvu,19:16:08,My camera is blinking and won‚Äôt take pict‚Ä¶ - Apple Community,20,16,4,0,0,19:16:08
20,2024-03-15,11:29:51,"Your Projects - Overleaf, Online LaTeX Editor",23:58:13,Compile file with gcc.,39,8,27,0,4,23:58:13
21,2024-03-16,00:04:34,why smaller code files is better for fault localization - Google Search,23:20:04,How to Crochet for Absolute Beginners: Part 1 - YouTube,12,0,12,0,0,23:20:04
22,2024-03-17,12:14:02,NetBadge Message - Loading Session Information,21:58:40,How to Crochet for Absolute Beginners: Part 2 - YouTube,95,13,35,7,40,21:58:40
23,2024-03-18,10:48:56,gpa calculator - Google Search,18:55:35,aritzia - Google Search,69,27,22,8,12,18:55:35
24,2024-03-19,10:06:04,Spring 2024 Anxiety Research Presentation - Google Slides,23:55:29,Pinterest,43,13,19,7,4,23:55:29
25,2024-03-20,10:02:46,NetBadge Message - Loading Session Information,21:35:42,50 easy crochet project ideas for SUMMER with free patterns (beginner friendly) - YouTube,47,15,25,1,6,21:35:42
26,2024-03-21,09:49:13,"UVa Class Schedule - Complete Schedule for the Computer Science Program - Spring 2024 (Unofficial, Lou's List)",23:41:18,View Submission | Gradescope,91,31,36,1,23,23:41:18
27,2024-03-22,13:34:08,(3) Pinterest,23:06:59,Crochet a PERFECT Granny Square! - YouTube,31,2,17,0,12,23:06:59
28,2024-03-23,01:10:27,"Inbox (5,257) - elzhang066@gmail.com - Gmail",20:46:36,1800 jefferson park avenue - Google Search,77,27,20,0,30,20:46:36
29,2024-03-24,12:45:59,NetBadge Message - Loading Session Information,22:33:26,YouTube,181,28,30,0,123,22:33:26
30,2024-03-25,10:10:04,gad questions - Google Search,23:49:24,Paula Babies - Varnish ochre - Goat Leather - S√©zane,117,31,46,10,30,23:49:24
31,2024-03-26,10:11:23,Paper Review P6 - Google Docs,23:52:43,cfl3.5.dvi,142,45,45,1,51,23:52:43
32,2024-03-27,00:00:12,is CFL intersect regular language also regular - Google Search,23:51:23,hw9sol.pdf,87,24,43,0,20,23:51:23
33,2024-03-28,09:30:36,CS 3100 Dashboard | Gradescope,21:51:24,What I Ate This Week & Wedding Try On!! - YouTube,42,6,25,0,11,21:51:24
34,2024-03-29,,,,,0,0,0,0,0,
35,2024-03-30,11:33:48,192.168.1 - Google Search,22:11:17,ChatGPT,35,2,21,0,12,22:11:17
36,2024-03-31,14:06:15,"Your Projects - Overleaf, Online LaTeX Editor",22:15:51,All Accounts | Marcus by Goldman Sachs¬Æ,51,24,0,1,26,22:15:51
37,2024-04-01,10:52:43,"Inbox (5,303) - elzhang066@gmail.com - Gmail",23:24:33,uconn vs usc - Google Search,63,15,8,10,30,23:24:33
38,2024-04-02,09:55:27,uva honor hearing panelist - Google Search,22:01:46,I tried reading for 24 hours straight... - YouTube,103,33,25,5,40,22:01:46
39,2024-04-03,13:03:30,Google,20:51:14,MY BIRTHDAY HAUL + shopping at target & korean store!! - YouTube,56,4,30,0,22,20:51:14
40,2024-04-04,15:14:22,YouTube,19:38:39,HUGE TARGET AND KOREAN GROCERY HAUL!! - YouTube,22,4,0,0,18,19:38:39
41,2024-04-05,10:16:46,Login to Your Account | Marcus by Goldman Sachs¬Æ,17:54:13,arleen's Presentations on SlideServe,37,18,0,1,18,17:54:13
42,2024-04-06,14:05:47,Paper Review P10 Notes - Google Docs,17:04:53,nhtsa - Google Search,64,12,10,2,40,17:04:53
43,2024-04-07,15:45:16,NetBadge Message - Loading Session Information,21:44:22,andbalch/Spectrophotometry-Project-Fine-Tuning,264,187,6,49,22,21:44:22
44,2024-04-08,07:33:17,Google,23:50:22,uconn vs purdue - Google Search,271,223,12,14,22,23:50:22
45,2024-04-09,12:22:03,overlead - Google Search,22:00:10,MY NEW WORKOUT ROUTINE + building the delivery cart!! - YouTube,50,21,9,2,18,22:00:10
46,2024-04-10,09:06:24,NetBadge Message - Loading Session Information,23:26:39,Target Circle‚Ñ¢ Offers,79,14,7,4,54,23:26:39
47,2024-04-11,12:24:44,"Your Projects - Overleaf, Online LaTeX Editor",20:45:08,Paper Review P15 Notes - Google Docs,62,7,38,1,16,20:45:08
48,2024-04-12,11:53:51,Paper Review P15 Notes - Google Docs,12:52:04,Capstone Report Draft - Google Docs,2,2,0,0,0,12:52:04
49,2024-04-13,10:55:32,"Inbox (5,352) - elzhang066@gmail.com - Gmail",17:44:06,Framework Draft - Google Docs,134,105,4,1,24,17:44:06
50,2024-04-14,16:13:08,"Inbox (6,663) - zzb2rf@virginia.edu - UVa Mail",23:35:49,Capstone Report Draft - Google Docs,98,7,36,1,54,23:35:49
51,2024-04-15,00:01:27,Capstone Report Draft - Google Docs,22:25:07,"Tuesday, April 2, 2024 at 11:03:20 AM",60,22,5,7,26,22:25:07
52,2024-04-16,12:44:36,CS3120 - Theory of Computation (Schedule and Slides),23:59:07,Fwd: Boba Tea Recipe - elzhang066@gmail.com - Gmail,18,9,5,0,4,23:59:07
53,2024-04-17,00:28:26,how to make a TM for hilberts 10th problem - Google Search,23:02:24,Turing Machine for addition - GeeksforGeeks,16,16,0,0,0,23:02:24
54,2024-04-18,09:59:47,what does it mean to perform a finite amount of work in a single step - Google Search,21:56:13,CPS: Final Presentation - Google Slides,153,75,22,31,25,21:56:13
55,2024-04-19,09:31:38,NetBadge Message - Loading Session Information,18:57:06,Capstone Report Draft - Google Docs,27,4,3,0,20,18:57:06
56,2024-04-20,11:50:23,Framework Draft - Google Docs,21:31:43,Canvas LMS,105,41,17,11,36,21:31:43
57,2024-04-21,11:44:21,Capstone Report Draft - Google Docs,23:19:45,CPS: Final Presentation - Google Slides,37,4,0,0,33,23:19:45
58,2024-04-22,00:17:25,CPS: Final Presentation - Google Slides,23:12:12,Blue Cow - Google Maps,47,12,9,6,20,23:12:12
59,2024-04-23,09:59:38,Google,23:18:32,can you die from food poisoning - Google Search,135,25,4,1,105,23:18:32
60,2024-04-24,10:18:42,CS6888: Final Presentation - Google Slides,22:17:14,why is coach spo good - Google Search,11,11,0,0,0,22:17:14
61,2024-04-25,09:28:14,CS 3100 Dashboard | Gradescope,16:20:27,Capstone Report Draft - Google Docs,18,7,4,3,4,16:20:27
62,2024-04-26,22:33:50,YouTube,22:34:27,RemLife - YouTube,0,0,0,0,0,22:34:27
63,2024-04-27,11:00:44,Capstone Report Draft - Google Docs,22:41:55,"Big-O Notation, Omega Notation and Big-O Notation (Asymptotic Analysis)",78,35,17,26,0,22:41:55
64,2024-04-28,13:03:59,Sipser - Introduction to the theory of computation - 2nd Ed.djvu,22:49:28,Attention: Correction to Your Benivo Platform Status - elzhang066@gmail.com - Gmail,26,7,19,0,0,22:49:28
65,2024-04-29,10:52:22,Google,23:15:34,Fwd: Boba Tea Recipe - elzhang066@gmail.com - Gmail,22,10,7,5,0,23:15:34
66,2024-04-30,00:19:27,Fwd: Boba Tea Recipe - elzhang066@gmail.com - Gmail,23:49:46,CS 3120 (114 unread) | Piazza QA,13,6,7,0,0,23:49:46
67,2024-05-01,11:07:46,End of module 5,22:47:24,View Submission | Gradescope,16,15,1,0,0,22:47:24
68,2024-05-02,15:40:01,"Your Projects - Overleaf, Online LaTeX Editor",23:35:33,BACHELORETTE PARTY PLANNING + life updates!! - YouTube,28,0,0,0,28,23:35:33
69,2024-05-03,10:27:55,"Overleaf, Online LaTeX Editor",17:09:10,Cart : Target,34,4,8,0,22,17:09:10
70,2024-05-04,19:41:12,Systematic Review Research - Google Docs,21:13:42,Surprising Ryan for the Penny Series Finale! - YouTube,0,0,0,0,0,21:13:42
71,2024-05-05,10:20:19,YouTube,23:34:31,I CAN'T BELIEVE IT!! NYC SUITE TOUR + Work Trip With Me! - YouTube,43,28,1,0,14,23:34:31
72,2024-05-06,09:43:37,CS3120 - Theory of Computation (Schedule and Slides),23:07:24,Netflix,46,24,4,18,0,23:07:24
73,2024-05-07,00:07:13,Netflix,23:54:39,Netflix,44,40,0,4,0,23:54:39
74,2024-05-08,15:08:08,ChatGPT,22:33:18,Home - Netflix,15,15,0,0,0,22:33:18
75,2024-05-09,,,,,0,0,0,0,0,
76,2024-05-10,18:02:12,"Inbox (5,406) - elzhang066@gmail.com - Gmail",18:10:06,Action required: Book flights for your Microsoft move - elzhang066@gmail.com - Gmail,0,0,0,0,0,18:10:06
77,2024-05-11,11:22:31,Home Page - Select or create a notebook,14:23:56,Anxiety Detection - Google Docs,0,0,0,0,0,14:23:56
78,2024-05-12,,,,,0,0,0,0,0,
79,2024-05-13,18:54:40,Home Page - Select or create a notebook,18:55:18,data_cleaning_accumulate - Jupyter Notebook,0,0,0,0,0,18:55:18
80,2024-05-14,15:51:11,Home Page - Select or create a notebook,22:58:12,Watch Top Gun | Prime Video,6,4,0,2,0,22:58:12
81,2024-05-15,10:39:07,"Inbox (5,411) - elzhang066@gmail.com - Gmail",19:13:26,YouTube,0,0,0,0,0,19:13:26
82,2024-05-16,21:15:51,YouTube,21:56:28,LET'S TRY ON WEDDING DRESSES!! + Body Insecurity Chit Chat - YouTube,0,0,0,0,0,21:56:28
83,2024-05-17,13:18:55,Your AdBlock has been updated!,21:06:19,"accidentally baked on wax paper, should I throw it away - Google Search",6,6,0,0,0,21:06:19
84,2024-05-18,13:39:23,the m seattle - Google Search,17:37:03,YouTube,0,0,0,0,0,17:37:03
85,2024-05-19,10:30:14,Home Page - Select or create a notebook,17:04:27,ChatGPT,39,39,0,0,0,17:04:27
86,2024-05-20,10:21:04,UVA cs2130 - Google Search,16:47:41,(21) Megan Shah | LinkedIn,24,24,0,0,0,16:47:41
87,2024-05-21,10:16:31,Benivo,15:49:45,Benivo,0,0,0,0,0,15:49:45
88,2024-05-22,10:43:28,Sign In | Benivo,23:58:05,The M - Application Approved - Next Steps - elzhang066@gmail.com - Gmail,14,14,0,0,0,23:58:05
89,2024-05-23,10:20:05,"Inbox (5,463) - elzhang066@gmail.com - Gmail",18:00:24,Starred - elzhang066@gmail.com - Gmail,0,0,0,0,0,18:00:24
90,2024-05-24,17:42:26,YouTube,17:49:40,BACHELORETTE PARTY PLANNING!! DIY With Me + Work Day! - YouTube,0,0,0,0,0,17:49:40
91,2024-05-25,,,,,0,0,0,0,0,
92,2024-05-26,22:14:00,Just a moment...,23:29:04,things to do in seattle - Google Search,0,0,0,0,0,23:29:04
93,2024-05-27,12:47:28,password manager - Google Search,23:00:54,Watch Ricky Stanicky | Prime Video,0,0,0,0,0,23:00:54
94,2024-05-28,21:50:43,Just a moment...,23:08:18,rudy gobert free throw percentage playoffs - Google Search,0,0,0,0,0,23:08:18
95,2024-05-29,21:49:51,"Nintendo Official Site: Consoles, Games, News, and More",22:06:26,The M Seattle,0,0,0,0,0,22:06:26
96,2024-05-30,,,,,0,0,0,0,0,
97,2024-05-31,09:57:10,"Inbox (5,485) - elzhang066@gmail.com - Gmail",10:30:16,Telehealth by SimplePractice,0,0,0,0,0,10:30:16
98,2024-06-01,20:35:05,sicario - Google Search,22:47:32,Home | ORCA,0,0,0,0,0,22:47:32
99,2024-06-02,14:09:05,the m resident portal - Google Search,23:58:04,,0,0,0,0,0,23:58:04
100,2024-06-03,00:02:57,,23:50:30,what was the purpose of outpost keating - Google Search,0,0,0,0,0,23:50:30
101,2024-06-04,21:45:16,"Prime Video | Watch movies, TV shows, Live TV, and sports",21:46:09,Amazon.com : the outpost,0,0,0,0,0,21:46:09
102,2024-06-05,,,,,0,0,0,0,0,
103,2024-06-06,,,,,0,0,0,0,0,
104,2024-06-07,,,,,0,0,0,0,0,
105,2024-06-08,,,,,0,0,0,0,0,
106,2024-06-09,13:21:07,hobbit films - Google Search,22:20:26,TheSportSupa - n1,0,0,0,0,0,22:20:26
107,2024-06-10,23:18:33,fremont - Google Search,23:59:59,"Packwood Lodge & Cabins, Packwood ‚Äì Updated 2024 Prices",0,0,0,0,0,23:59:59
108,2024-06-11,00:00:13,"Packwood Lodge & Cabins, Packwood ‚Äì Updated 2024 Prices",23:59:43,Welcome To Luxer One - elzhang066@gmail.com - Gmail,0,0,0,0,0,23:59:43
109,2024-06-12,00:00:02,Luxer ONE :: Login,22:57:44,nba - Google Search,0,0,0,0,0,22:57:44
110,2024-06-13,,,,,0,0,0,0,0,
111,2024-06-14,,,,,0,0,0,0,0,
112,2024-06-15,19:34:45,Your AdBlock has been updated!,23:07:50,Watch The Hobbit: The Battle of the Five Armies | Prime Video,0,0,0,0,0,23:07:50
113,2024-06-16,20:48:33,YouTube,21:00:29,Best beatbox battle round you will ever hear üòÆ KOTCHA üá¨üáß #beatbox - YouTube,0,0,0,0,0,21:00:29
114,2024-06-17,,,,,0,0,0,0,0,
115,2024-06-18,,,,,0,0,0,0,0,
116,2024-06-19,21:19:01,Netflix,21:19:01,Netflix,0,0,0,0,0,21:19:01
117,2024-06-20,22:07:50,Benivo,22:26:23,hertz rental locations - Google Search,0,0,0,0,0,22:26:23
118,2024-06-21,21:34:40,levels of engineers at microsoft - Google Search,22:47:59,CoStar Group Software Engineer Salary | $120K-$189K+ | Levels.fyi,0,0,0,0,0,22:47:59
119,2024-06-22,23:42:40,Teleparty,23:43:52,Teleparty,0,0,0,0,0,23:43:52
120,2024-06-23,,,,,0,0,0,0,0,
121,2024-06-24,09:57:03,"Inbox (5,607) - elzhang066@gmail.com - Gmail",23:39:46,YouTube,0,0,0,0,0,23:39:46
122,2024-06-25,00:13:06,YouTube,23:58:47,Netflix,0,0,0,0,0,23:58:47
123,2024-06-26,22:14:42,google new grad full time - Google Search,23:52:41,Software Engineering Internships - Careers at Apple,24,2,0,0,22,23:52:41
124,2024-06-27,21:56:20,"Inbox (5,647) - elzhang066@gmail.com - Gmail",23:58:35,,1,0,0,0,1,23:58:35
125,2024-06-28,00:03:28,,01:43:19,,0,0,0,0,0,01:43:19
126,2024-06-29,,,,,0,0,0,0,0,
127,2024-06-30,,,,,0,0,0,0,0,
128,2024-07-01,01:19:22,apple.new grad - Google Search,15:54:32,Your Booking is confirmed - #B10077159 - elzhang066@gmail.com - Gmail,0,0,0,0,0,15:54:32
129,2024-07-02,15:54:28,"Inbox (5,702) - elzhang066@gmail.com - Gmail",21:14:40,Gmail,0,0,0,0,0,21:14:40
130,2024-07-03,,,,,0,0,0,0,0,
131,2024-07-04,,,,,0,0,0,0,0,
132,2024-07-05,,,,,0,0,0,0,0,
133,2024-07-06,13:33:43,new grad software engineer - Google Search,23:46:31,hiking boot receipt - elzhang066@gmail.com - Gmail,40,15,0,0,25,23:46:31
134,2024-07-07,,,,,0,0,0,0,0,
135,2024-07-08,,,,,0,0,0,0,0,
136,2024-07-09,23:48:27,nightwing young justice - Google Search,23:59:58,Place Your Order - Amazon Checkout,0,0,0,0,0,23:59:58
137,2024-07-10,00:00:06,Place Your Order - Amazon Checkout,00:18:28,urban hot pot - Google Search,0,0,0,0,0,00:18:28
138,2024-07-11,,,,,0,0,0,0,0,
139,2024-07-12,00:48:31,Your AdBlock has been updated!,23:11:00,"Preliminary questions - Junior Software Engineer (Android), Mobile Developer Experience - Block",0,0,0,0,0,23:11:00
140,2024-07-13,,,,,0,0,0,0,0,
141,2024-07-14,,,,,0,0,0,0,0,
142,2024-07-15,09:59:49,"Inbox (5,814) - elzhang066@gmail.com - Gmail",10:02:05,"Inbox (5,813) - elzhang066@gmail.com - Gmail",0,0,0,0,0,10:02:05
143,2024-07-16,,,,,0,0,0,0,0,
144,2024-07-17,21:21:49,How the Olympic Coaches be when they gotta play team USA - YouTube,21:28:40,Disney+ - Stream Unlimited Movies and TV Series,0,0,0,0,0,21:28:40
145,2024-07-18,,,,,0,0,0,0,0,
146,2024-07-19,22:40:06,Access to UVA SIS Interrupted,22:57:11,Timeout Warning. Click OK to not end the session.,60,23,34,0,3,22:57:11
147,2024-07-20,,,,,0,0,0,0,0,
148,2024-07-21,23:31:59,"Inbox (5,874) - elzhang066@gmail.com - Gmail",23:35:41,HackerRank Question - Reduce the Array,0,0,0,0,0,23:35:41
149,2024-07-22,01:33:18,Amazon.com. Spend less. Smile more.,01:49:21,Amazon Thanks You,0,0,0,0,0,01:49:21
150,2024-07-23,,,,,0,0,0,0,0,
151,2024-07-24,,,,,0,0,0,0,0,
152,2024-07-25,,,,,0,0,0,0,0,
153,2024-07-26,,,,,0,0,0,0,0,
154,2024-07-27,,,,,0,0,0,0,0,
155,2024-07-28,,,,,0,0,0,0,0,
156,2024-07-29,23:40:47,"Inbox (5,943) - elzhang066@gmail.com - Gmail",23:59:34,"Single Family Software Developer Analyst (Hybrid- 3 Days in Office) job in McLean, VA | University jobs at Freddie Mac Careers Careers Careers",24,7,0,0,17,23:59:34
157,2024-07-30,00:00:02,NetBadge Message - Loading Session Information,00:52:34,"Amazon.com: LEMENT 100 Pcs Disposable Face Masks, 3 Ply Face Masks Black Disposable Mask, (Disposable face mask) : Clothing, Shoes & Jewelry",13,13,0,0,0,00:52:34
158,2024-07-31,,,,,0,0,0,0,0,
159,2024-08-01,,,,,0,0,0,0,0,
160,2024-08-02,,,,,0,0,0,0,0,
161,2024-08-03,,,,,0,0,0,0,0,
162,2024-08-04,,,,,0,0,0,0,0,
163,2024-08-05,,,,,0,0,0,0,0,
164,2024-08-06,21:49:24,Access to UVA SIS Interrupted,23:13:18,PeopleSoft session expired,88,63,25,0,0,23:13:18
165,2024-08-07,11:23:57,Access to UVA SIS Interrupted,12:51:11,Scone,67,41,26,0,0,12:51:11
166,2024-08-08,,,,,0,0,0,0,0,
167,2024-08-09,11:44:32,Access to UVA SIS Interrupted,14:12:55,Candidate Home,33,28,0,0,5,14:12:55
168,2024-08-10,,,,,0,0,0,0,0,
169,2024-08-11,,,,,0,0,0,0,0,
170,2024-08-12,,,,,0,0,0,0,0,
171,2024-08-13,,,,,0,0,0,0,0,
172,2024-08-14,,,,,0,0,0,0,0,
173,2024-08-15,,,,,0,0,0,0,0,
174,2024-08-16,,,,,0,0,0,0,0,
175,2024-08-17,,,,,0,0,0,0,0,
176,2024-08-18,19:12:07,New Grad 2025 - Google Sheets,20:03:42,Candidate Home,0,0,0,0,0,20:03:42
177,2024-08-19,08:48:51,"Inbox (6,117) - elzhang066@gmail.com - Gmail",18:01:33,"Inbox (6,118) - elzhang066@gmail.com - Gmail",11,11,0,0,0,18:01:33
178,2024-08-20,09:59:48,finishline.narvar.com,19:29:45,ChatGPT,29,2,0,0,27,19:29:45
179,2024-08-21,18:44:18,"Notion ‚Äì The all-in-one workspace for your notes, tasks, wikis, and databases.",23:58:40,New Grad 2025 - Google Sheets,0,0,0,0,0,23:58:40
180,2024-08-22,00:02:54,Fostering A Litter Of Puppies Is The Perfect Post-Divorce Move | The Dodo - YouTube,22:37:22,(23) Feed | LinkedIn,15,15,0,0,0,22:37:22
181,2024-08-23,09:50:44,New Grad 2025 - Google Sheets,09:58:19,Thank you for applying,0,0,0,0,0,09:58:19
182,2024-08-24,17:57:56,New Grad 2025 - Google Sheets,19:51:13,Group Anagrams - LeetCode,13,0,0,0,13,19:51:13
183,2024-08-25,10:38:28,Group Anagrams - LeetCode,18:55:52,banh mi virginia beach - Google Search,16,9,0,7,0,18:55:52
184,2024-08-26,,,,,0,0,0,0,0,
185,2024-08-27,09:27:07,Your AdBlock has been updated!,22:36:30,"Inbox (6,205) - elzhang066@gmail.com - Gmail",115,89,26,0,0,22:36:30
186,2024-08-28,10:18:23,Careers at PayPal,21:29:55,Action Center | Microsoft Careers,106,88,10,8,0,21:29:55
187,2024-08-29,09:34:28,Google,18:44:47,1800 JPA,37,11,10,0,16,18:44:47
188,2024-08-30,09:54:17,Number of Islands - LeetCode,17:07:36,Java Queue Usage Guide,74,54,0,3,17,17:07:36
189,2024-08-31,,,,,0,0,0,0,0,
190,2024-09-01,13:58:44,Database Systems - Google Docs,22:46:17,Nike Everyday Plus Cushioned Training Ankle Socks (6 Pairs). Nike.com,124,30,82,0,12,22:46:17
191,2024-09-02,14:38:08,NetBadge Message - Loading Session Information,18:27:21,ChatGPT,104,36,53,7,8,18:27:21
192,2024-09-03,09:55:01,"Inbox (6,253) - elzhang066@gmail.com - Gmail",23:47:48,resume - elzhang066@gmail.com - Gmail,218,118,43,27,30,23:47:48
193,2024-09-04,00:09:05,resume - elzhang066@gmail.com - Gmail,22:59:58,Portfolio Summary,79,6,58,0,15,22:59:58
194,2024-09-05,15:31:52,STS Discussion Brainstorm - Google Docs,16:43:24,Ko-fi | Fund Your Passions,43,2,17,0,24,16:43:24
195,2024-09-06,11:00:50,CS 3100 Dashboard | Gradescope,18:02:03,Your Page Title,70,12,9,0,49,18:02:03
196,2024-09-07,14:37:38,Your AdBlock has been updated!,21:54:30,Top K Frequent Elements - LeetCode,2,0,2,0,0,21:54:30
197,2024-09-08,12:11:37,HW1_CS4750.drawio - draw.io,20:07:47,View Submission | Gradescope,11,0,11,0,0,20:07:47
198,2024-09-09,12:16:12,HW1_CS4750.drawio - draw.io,18:11:37,best european countries to visit in january - Google Search,144,26,84,2,32,18:11:37
199,2024-09-10,09:34:43,Google,22:53:41,what doctor to see for sciatica - Google Search,90,16,56,3,15,22:53:41
200,2024-09-11,11:12:53,Dashboard,19:45:31,LeetCode Prep - Google Docs,49,10,29,4,6,19:45:31
201,2024-09-12,09:27:47,Dashboard,23:27:24,(17) Facebook Marketplace | Facebook,79,30,36,5,8,23:27:24
202,2024-09-13,11:56:41,STS Discussion Brainstorm - Google Docs,17:33:46,understanding the mathematics of machine learninglinear regression - YouTube,4,2,2,0,0,17:33:46
203,2024-09-14,15:52:52,Google,22:30:05,uva vs maryland football - Google Search,44,9,28,3,4,22:30:05
204,2024-09-15,12:34:45,Topic: Question Formation Exercise #3,22:10:46,YouTube,54,0,29,4,21,22:10:46
205,2024-09-16,10:17:32,CS 4750 P2 - Google Docs,22:34:23,"Pi, your personal AI",111,52,38,16,5,22:34:23
206,2024-09-17,09:59:56,"a more proactive healthcare system, where continuous monitoring and early intervention - Google Search",21:49:14,CS4750_HW2.drawio - draw.io,81,20,44,10,7,21:49:14
207,2024-09-18,12:56:16,ChatGPT,20:44:08,"powerset of 0,1 - Google Search",17,6,11,0,0,20:44:08
208,2024-09-19,00:23:52,View Submission | Gradescope,23:19:48,utility bag | SAMO ONDOH,74,50,9,6,9,23:19:48
209,2024-09-20,11:03:32,Home | Microsoft Careers,23:04:46,Canvas LMS,103,5,68,1,29,23:04:46
210,2024-09-21,22:47:01,Dashboard,23:13:45,ChatGPT,35,4,29,0,2,23:13:45
211,2024-09-22,13:48:26,2408.14507,23:35:03,STS Discussion Brainstorm - Google Docs,31,6,23,0,2,23:35:03
212,2024-09-23,11:54:58,Google Colab,23:25:19,Pacific Atlantic Water Flow - LeetCode,95,6,33,8,48,23:25:19
213,2024-09-24,01:04:29,Pacific Atlantic Water Flow - LeetCode,23:24:37,Quiz 1 Notes - Google Docs,79,27,25,12,15,23:24:37
214,2024-09-25,11:18:20,Quiz 1 Notes - Google Docs,19:03:59,Canvas LMS,62,10,26,4,22,19:03:59
215,2024-09-26,09:31:06,CS 4501: F1 Notes - Google Docs,21:11:32,Address ‚Äì Fidelity Investments,123,43,48,20,12,21:11:32
216,2024-09-27,10:21:50,Google,22:30:46,Open my dream bag with me #unboxingvideo #dreambag #polene #asmrunboxing #springfashion2023 #totebag - YouTube,86,54,22,10,0,22:30:46
217,2024-09-28,10:31:57,Google,23:44:58,Topic: Question Formation Exercise #5,53,4,28,0,21,23:44:58
218,2024-09-29,11:53:16,NetBadge Message - Loading Session Information,21:07:49,Files,67,12,55,0,0,21:07:49
219,2024-09-30,00:07:04,Dashboard,23:20:30,YouTube,66,24,33,0,9,23:20:30
220,2024-10-01,09:29:18,Reading Input Commands in Python,21:57:13,CS 4750 Dashboard | Gradescope,42,5,34,0,3,21:57:13
221,2024-10-02,11:56:29,Piazza ‚Ä¢ Ask. Answer. Explore. Whenever.,23:34:11,CS_ 4501-006 (16 unread) | Piazza QA,57,14,30,0,13,23:34:11
222,2024-10-03,00:56:14,NetBadge Message - Loading Session Information,16:44:58,(16) Brad Campbell | LinkedIn,93,11,36,5,41,16:44:58
223,2024-10-04,11:53:48,Dashboard,19:29:47,ChatGPT,20,2,16,0,2,19:29:47
224,2024-10-05,12:15:03,R6 Reading Notes - Google Docs,23:07:18,PokeMMO - New Device Verification - elzhang066@gmail.com - Gmail,46,8,14,0,24,23:07:18
225,2024-10-06,16:55:57,fire red best eevee evolution - Google Search,21:33:57,Canvas LMS,14,2,12,0,0,21:33:57
226,2024-10-07,10:23:56,"Inbox (6,481) - elzhang066@gmail.com - Gmail",22:18:33,Assignment 2: Paper Summary - Google Docs,142,93,32,2,15,22:18:33
227,2024-10-08,10:55:56,Google Drive,23:41:29,Pok√©mon Go Type Effectiveness and Weakness Chart | Eurogamer.net,53,16,24,2,11,23:41:29
228,2024-10-09,11:53:59,NetBadge Message - Loading Session Information,22:48:22,View Submission | Gradescope,140,63,41,6,30,22:48:22
229,2024-10-10,09:25:44,HCI Proposal Presentation - Google Slides,21:45:49,Delivery Manager,38,4,25,0,9,21:45:49
230,2024-10-11,11:55:35,Library catalog data - Google Search,22:47:38,"Fall Festival | City of Fairfax, VA",18,4,3,0,11,22:47:38
231,2024-10-12,10:12:29,NetBadge Message - Loading Session Information,10:59:53,joann fabric store - Google Maps,18,2,16,0,0,10:59:53
232,2024-10-13,11:07:36,CS 3100 Dashboard | Gradescope,22:33:29,CS 4750 P3 - Google Docs,15,4,5,0,6,22:33:29
233,2024-10-14,,,,,0,0,0,0,0,
234,2024-10-15,13:27:51,Amazon.com. Spend less. Smile more.,22:00:05,Dashboard,54,5,36,1,12,22:00:05
235,2024-10-16,12:29:44,Amazon.com. Spend less. Smile more.,21:47:26,lab02.pdf,80,22,29,5,24,21:47:26
236,2024-10-17,09:32:43,CS 4501: F1 Notes - Google Docs,23:57:10,ChatGPT,65,21,29,0,15,23:57:10
237,2024-10-18,00:01:40,sensor_msgs/LaserScan Documentation,17:15:28,space black macbook - Google Search,2,2,0,0,0,17:15:28
238,2024-10-19,11:50:25,"Apartments for Rent in Seattle, Washington | Facebook Marketplace",23:03:42,"Washington, D.C. to Marrakesh | Google Flights",4,0,0,0,4,23:03:42
239,2024-10-20,10:41:53,NetBadge Message - Loading Session Information,21:54:07,i got sick :( what i do at home + cook with me! - YouTube,30,2,23,0,5,21:54:07
240,2024-10-21,00:02:27,Home | Clipchamp,23:28:04,SQL Subquery for Sales Comparison,64,32,25,2,5,23:28:04
241,2024-10-22,10:09:21,Dashboard,21:58:21,CS 6316 Machine Learning - Support Vector Machines and Kernel Methods,38,11,20,7,0,21:58:21
242,2024-10-23,12:55:29,Dashboard,23:41:41,Kyedae (@kyedae) ‚Ä¢ Instagram photos and videos,62,6,51,0,5,23:41:41
243,2024-10-24,00:30:26,CS 4750: Homework 5 - Google Docs,22:08:32,spirit halloween - Google Shopping,60,10,47,3,0,22:08:32
244,2024-10-25,16:18:31,Fresh Guest,21:52:36,choong man chicken menu - Google Search,63,11,36,1,15,21:52:36
245,2024-10-26,17:26:06,amaon - Google Search,23:03:11,(1) YouTube,2,2,0,0,0,23:03:11
246,2024-10-27,00:18:05,Untitled video,23:39:48,how to check battery full charge capacity comparison on lenovo commerical vantag - Google Search,147,35,21,5,86,23:39:48
247,2024-10-28,10:21:56,Amazon.com. Spend less. Smile more.,23:22:17,"Coats All-Purpose Plastic Zipper 6""-Black - Walmart.com",88,23,62,3,0,23:22:17
248,2024-10-29,09:49:30,Piazza ‚Ä¢ Ask. Answer. Explore. Whenever.,23:32:58,View Submission | Gradescope,194,157,4,17,16,23:32:58
249,2024-10-30,11:13:30,HCI Assignment 1 Study - Google Sheets,23:55:46,Text to Sound Effects: Free Online AI Sound Effect Generator,149,88,61,0,0,23:55:46
250,2024-10-31,00:00:35,how to center a text box in premiere pro - Google Search,15:48:12,Files,21,2,17,0,2,15:48:12
251,2024-11-01,10:06:34,"Inbox (6,648) - elzhang066@gmail.com - Gmail",19:24:22,amazon delivery driver - Google Search,46,10,19,4,13,19:24:22
252,2024-11-02,13:13:04,CS 6501: Project Proposal - Online LaTeX Editor Overleaf,17:40:40,Project Progress Presentation - Google Slides,12,2,4,0,6,17:40:40
253,2024-11-03,12:15:21,Piazza ‚Ä¢ Ask. Answer. Explore. Whenever.,23:56:33,et al - Google Search,77,59,11,2,5,23:56:33
254,2024-11-04,00:00:54,STS Discussion Brainstorm - Google Docs,18:58:10,Python Releases for Windows | Python.org,151,101,50,0,0,18:58:10
255,2024-11-05,11:31:53,CS 4750: Homework 6 - Google Docs,15:42:26,Gmail,13,2,11,0,0,15:42:26
256,2024-11-06,13:57:36,NetBadge Message - Loading Session Information,23:59:41,Project Progress Presentation - Google Slides,54,12,28,4,10,23:59:41
257,2024-11-07,00:00:27,Project Progress Presentation - Google Slides,22:52:49,Research Questions on Wearables,29,2,17,0,10,22:52:49
258,2024-11-08,00:29:53,GitHub,21:48:37,Online Return Center,50,2,45,3,0,21:48:37
259,2024-11-09,18:28:43,Online Return Center,19:50:40,R10: Notes - Google Docs,42,0,26,0,16,19:50:40
260,2024-11-10,13:42:46,R10 Reading Response.docx - Google Docs,23:40:10,151 Booster Pack - SV: Scarlet & Violet 151 - Pokemon,37,2,20,0,15,23:40:10
261,2024-11-11,00:06:03,Topic: Question Formation Exercise #10,23:33:11,YouTube,86,4,33,2,47,23:33:11
262,2024-11-12,00:23:48,Piazza ‚Ä¢ Ask. Answer. Explore. Whenever.,22:52:21,Apartments For Rent in Bellevue WA - Updated Daily | Zillow,20,4,16,0,0,22:52:21
263,2024-11-13,09:49:05,NetBadge Message - Loading Session Information,22:50:27,CS_ 6316-001 (41 unread) | Piazza QA,94,6,59,0,29,22:50:27
264,2024-11-14,09:36:26,CS 4501: F1 Notes - Google Docs,18:20:07,what is natural leather - Google Search,116,25,54,0,37,18:20:07
265,2024-11-15,21:47:49,CS 4750: Homework 8 - Google Docs,23:39:21,Week 3: What is Technology Anyway?: STS and Engineering Practice Sec 015 Fall 2024,51,2,49,0,0,23:39:21
266,2024-11-16,12:33:33,Research Summary - Google Docs,22:52:27,"Appointment booked: F1Tenth Rice 242 Reservation (Elaine Zhang) @ Tue Nov 19, 2024 7pm - 8pm (EST) (elzhang066@gmail.com) - elzhang066@gmail.com - Gmail",5,4,1,0,0,22:52:27
267,2024-11-17,13:55:16,"Inbox (6,776) - elzhang066@gmail.com - Gmail",23:06:23,HAI-lab-UVA/anxiety-zhang: Phase 1 GAD score analysis done by Elaine Zhang,105,65,0,5,35,23:06:23
268,2024-11-18,09:47:34,healthy hoos - Google Search,18:50:22,Townhomes For Rent in Seattle WA - 327 Rentals | Zillow,159,117,29,0,13,18:50:22
269,2024-11-19,09:50:02,NetBadge Message - Loading Session Information,23:15:51,CS 4750: Homework 7 - Google Docs,95,15,74,0,6,23:15:51
270,2024-11-20,00:05:53,Files,22:24:54,CS 3120 Dashboard | Gradescope,25,18,2,0,5,22:24:54
271,2024-11-21,10:27:40,CS 3100 Dashboard | Gradescope,22:12:26,Canvas LMS,50,4,44,0,2,22:12:26
272,2024-11-22,11:48:19,NetBadge Message - Loading Session Information,19:37:43,rivanna trail riverview park - Google Search,24,2,15,0,7,19:37:43
273,2024-11-23,16:21:08,Home Page - Select or create a notebook,17:39:38,Not Jessica Caban Giving Some Tea üçµ : r/BrunoMars,0,0,0,0,0,17:39:38
274,2024-11-24,16:05:13,Home Page - Select or create a notebook,21:48:49,resume - elzhang066@gmail.com - Gmail,12,0,0,0,12,21:48:49
275,2024-11-25,10:11:46,buffbunny - Google Search,20:52:28,Text Copy Challenge,37,2,21,0,14,20:52:28
276,2024-11-26,10:21:03,how to use postman to test api - Google Search,20:59:12,knitting | ÎΩÄÏñÄ Î¥ÑÏùÑ Ïò§ÎûòÎèÑÎ°ù | Old Fashioned Cardigan - YouTube,12,12,0,0,0,20:59:12
277,2024-11-27,11:05:39,*Sealed* Pokemon Obsidian Flames CHARMANDER 044 Black Star Promo Card MINT-NM | eBay,20:16:48,Place Your Order - Amazon Checkout,20,20,0,0,0,20:16:48
278,2024-11-28,00:04:19,NetBadge Message - Loading Session Information,23:51:48,"‚ÄºÔ∏èSPILL THE TEA w üá∞üá∑Korean Bag Shopping üõçÔ∏è-Honest opinions ONLY | StandOil, OSOI, Samo Ondoh etc. - YouTube",14,9,0,5,0,23:51:48
279,2024-11-29,09:50:43,"Inbox (6,876) - elzhang066@gmail.com - Gmail",23:08:17,FRAME Coffee Roasters - Google Maps,27,2,13,0,12,23:08:17
280,2024-11-30,09:49:17,zoom - Google Search,12:21:35,View Submission | Gradescope,34,4,7,0,23,12:21:35
281,2024-12-01,13:11:33,External Seminar Report - Google Docs,22:54:31,STS Prospectus Presentation - Google Slides,63,15,31,5,12,22:54:31
282,2024-12-02,10:28:48,figma - Google Search,22:40:38,View Submission | Gradescope,109,5,56,1,47,22:40:38
283,2024-12-03,09:47:31,External Seminar Report - Google Docs,23:58:11,Text Copy Challenge,19,0,0,0,19,23:58:11
284,2024-12-04,00:26:49,Results - Google Sheets,20:46:03,fatiguing - Google Search,108,54,34,8,12,20:46:03
285,2024-12-05,10:29:06,Google,22:31:15,HCI Final Presentation - Google Slides,39,11,17,0,11,22:31:15
286,2024-12-06,08:52:47,Your AdBlock has been updated!,12:35:10,CS_ 4501-006 (24 unread) | Piazza QA,17,7,9,1,0,12:35:10
287,2024-12-07,10:18:19,Sent Mail - elzhang066@gmail.com - Gmail,23:59:52,"You asked, we answered: Can too much screen time cause dry eyes? | Nebraska Medicine Omaha, NE",24,12,4,8,0,23:59:52
288,2024-12-08,00:00:08,ChatGPT,23:45:25,Scheduled (1) - zzb2rf@virginia.edu - UVa Mail,60,31,10,19,0,23:45:25
289,2024-12-09,11:16:21,Home Page - Select or create a notebook,22:32:01,5_7_24_leave_one_week_out - Jupyter Notebook,31,31,0,0,0,22:32:01
290,2024-12-10,11:10:40,Home Page - Select or create a notebook,17:37:35,Your session has timed out.,146,128,0,18,0,17:37:35
291,2024-12-11,14:23:47,"UVa Class Schedule - Complete Schedule for the Computer Science Program - Fall 2024 (Unofficial, Lou's List)",22:55:57,View Submission | Gradescope,62,57,0,0,5,22:55:57
292,2024-12-12,09:55:10,YouTube,23:56:27,12_8_24_leave_one_patient_out - Jupyter Notebook,86,67,7,12,0,23:56:27
293,2024-12-13,00:03:33,Home - Canva,23:37:59,Moodring - Anxiety - Online LaTeX Editor Overleaf,22,16,0,0,6,23:37:59
294,2024-12-14,00:21:37,Your Courses | Gradescope,22:49:16,can i put green onions in mashed potatoes - Google Search,0,0,0,0,0,22:49:16
295,2024-12-15,01:21:03,By the numbers: ratings and utilization of behavioral health mobile applications - PubMed,23:07:21,12_8_24_accumulate_weeks - Jupyter Notebook,0,0,0,0,0,23:07:21
296,2024-12-16,14:49:15,CS 3120 Dashboard | Gradescope,23:45:34,Easy crochet baggy balaclava tutorial I Beginner friendly loose fit hood tutorial - YouTube,0,0,0,0,0,23:45:34
297,2024-12-17,00:09:57,CS 3120 Dashboard | Gradescope,14:51:51,Gad questions - 600 √ó 600px - Canva,13,13,0,0,0,14:51:51
298,2024-12-18,09:32:40,Home Page - Select or create a notebook,09:40:04,ChatGPT,0,0,0,0,0,09:40:04
299,2024-12-19,,,,,0,0,0,0,0,
300,2024-12-20,10:56:22,"Inbox (7,056) - elzhang066@gmail.com - Gmail",23:59:31,Princess Polly US Returns,0,0,0,0,0,23:59:31
301,2024-12-21,00:00:01,Princess Polly US Returns,23:27:12,Princess Polly US Returns,28,0,0,0,28,23:27:12
302,2024-12-22,19:31:17,YouTube,19:31:33,YouTube,0,0,0,0,0,19:31:33
303,2024-12-23,,,,,0,0,0,0,0,
304,2024-12-24,,,,,0,0,0,0,0,
305,2024-12-25,,,,,0,0,0,0,0,
306,2024-12-26,22:02:29,The Boys in the Boat Watch Party | Teleparty,22:02:48,Watch The Boys in The Boat | Prime Video,0,0,0,0,0,22:02:48
307,2024-12-27,15:26:25,"Inbox (7,084) - elzhang066@gmail.com - Gmail",20:47:33,YouTube,0,0,0,0,0,20:47:33
308,2024-12-28,15:44:46,michaels cotton yarn - Google Search,16:04:08,"Arts & Crafts, Frames, Seasonal D√©cor | DIY & Inspiration | Michaels",0,0,0,0,0,16:04:08
309,2024-12-29,,,,,0,0,0,0,0,
310,2024-12-30,10:03:34,"Restricted - Overleaf, Online LaTeX Editor",22:59:39,Watch Eternal Love of Dream | Prime Video,0,0,0,0,0,22:59:39
311,2024-12-31,,,,,0,0,0,0,0,
312,2025-01-01,19:28:58,"Teleparty | Watch together on Netflix, Youtube, HBO Max + more",20:49:10,Watch Eternal Love of Dream | Prime Video,0,0,0,0,0,20:49:10
313,2025-01-02,20:57:04,Online LaTeX Editor Overleaf,21:02:22,ChatGPT,0,0,0,0,0,21:02:22
314,2025-01-03,,,,,0,0,0,0,0,
315,2025-01-04,,,,,0,0,0,0,0,
316,2025-01-05,16:03:46,fidelity - Google Search,16:57:30,fairfax walmart - Google Search,0,0,0,0,0,16:57:30
317,2025-01-06,12:58:09,"Your Projects - Overleaf, Online LaTeX Editor",15:28:02,gad_larger_2 - 1490 √ó 240px - Canva,0,0,0,0,0,15:28:02
318,2025-01-07,20:20:22,leetcode - Google Search,20:22:32,LeetCode Prep - Google Docs,16,2,0,0,14,20:22:32
319,2025-01-08,,,,,0,0,0,0,0,
320,2025-01-09,,,,,0,0,0,0,0,
321,2025-01-10,,,,,0,0,0,0,0,
322,2025-01-11,,,,,0,0,0,0,0,
323,2025-01-12,,,,,0,0,0,0,0,
324,2025-01-13,,,,,0,0,0,0,0,
325,2025-01-14,19:48:39,NetBadge Message - Loading Session Information,23:26:19,Charlottesville to Boston | Google Flights,44,11,33,0,0,23:26:19
326,2025-01-15,00:42:38,student health uva - Google Search,21:20:47,ownership-transcript.pdf,88,26,40,7,15,21:20:47
327,2025-01-16,10:58:52,NetBadge Message - Loading Session Information,23:53:18,Search labubu - POP MART(United States),10,2,8,0,0,23:53:18
328,2025-01-17,,,,,0,0,0,0,0,
329,2025-01-18,17:44:32,NetBadge Message - Loading Session Information,22:17:22,amazon fresh richmond va - Google Maps,19,2,17,0,0,22:17:22
330,2025-01-19,19:03:13,NetBadge Message - Loading Session Information,22:57:36,fun things to do on a free winter day - Google Search,40,8,16,0,16,22:57:36
331,2025-01-20,12:15:58,SDAC Forms | Student Health and Wellness,21:15:00,Canvas LMS,27,5,22,0,0,21:15:00
332,2025-01-21,11:05:24,lean #eval - Google Search,19:08:01,YouTube,27,4,18,0,5,19:08:01
333,2025-01-22,09:51:21,popmart labubu - Google Search,23:15:26,compress image - Google Search,74,41,25,8,0,23:15:26
334,2025-01-23,11:05:41,NetBadge Message - Loading Session Information,15:56:34,Student Disability Access Center | Student Health and Wellness,19,4,15,0,0,15:56:34
335,2025-01-24,17:27:12,YouTube,22:22:59,CS 6501 Natural Language Processing (Spring 2025) - Yu Meng,74,43,19,1,11,22:22:59
336,2025-01-25,11:24:29,YouTube,21:56:11,Assignments: 25Sp Spec Top: Computer Science,50,2,37,0,11,21:56:11
337,2025-01-26,,,,,0,0,0,0,0,
338,2025-01-27,12:28:50,Job Application for Not a Real Job Application at Simplify Jobs Integration Sandbox,22:47:36,Engineering Ethics: Contemporary and Enduring Debates,327,122,35,67,103,22:47:36
339,2025-01-28,13:42:36,NetBadge Message - Loading Session Information,23:18:04,miu miu beau bag - Google Search,73,5,58,0,10,23:18:04
340,2025-01-29,10:00:01,NetBadge Message - Loading Session Information,22:24:12,Engineering Ethics: Contemporary and Enduring Debates,111,24,68,1,18,22:24:12
341,2025-01-30,11:16:54,GitHub,23:52:35,Crap Eyewear The Funk Punk Sunglasses | Urban Outfitters,48,4,14,8,22,23:52:35
342,2025-01-31,15:56:38,2/3 Paper Review - Paper 1 - Google Docs,17:02:13,Neurologic Manifestations of Long COVID Disproportionately Affect Young and Middle‚ÄêAge Adults - Choudhury - 2025 - Annals of Neurology - Wiley Online Library,16,2,14,0,0,17:02:13
343,2025-02-01,11:29:15,Instagram,19:27:45,zzb2rf_Codeathon_1.ipynb - Colab,31,5,2,9,15,19:27:45
344,2025-02-02,10:44:58,2/3 Paper Review - Paper 1 - Google Docs,12:09:36,Online LaTeX Editor Overleaf,6,2,4,0,0,12:09:36
345,2025-02-03,12:27:47,NetBadge Message - Loading Session Information,22:30:40,Topic: Question Formation Exercise #3,155,84,61,1,9,22:30:40
346,2025-02-04,10:52:46,amazon speedo goggles - Google Search,22:49:59,discourse definition - Google Search,63,22,16,0,25,22:49:59
347,2025-02-05,11:59:50,Google,23:55:40,Lean editor in VSCode,57,2,33,0,22,23:55:40
348,2025-02-06,10:57:41,ChatGPT,23:06:10,YouTube,59,20,26,0,13,23:06:10
349,2025-02-07,14:53:10,NetBadge Message - Loading Session Information,16:41:09,bae blades - Google Search,24,17,7,0,0,16:41:09
350,2025-02-08,15:23:02,The Long History of Gender Bias in Medicine | TIME,23:36:08,The Bilt Mastercard | Earn Up to 100k Points on Rent in a Calendar Year - Bilt Rewards,30,6,4,8,12,23:36:08
351,2025-02-09,11:37:16,zzb2rf_assignment_1.ipynb - Colab,22:53:22,Elaine Zhang - Paper Presentation 1 - Google Slides,46,5,9,9,23,22:53:22
352,2025-02-10,08:30:57,WebPT,22:16:03,"Inbox (7,249) - elzhang066@gmail.com - Gmail",57,17,17,6,17,22:16:03
353,2025-02-11,10:45:58,roe v. wade - Google Search,23:33:07,Elaine Zhang - Paper Presentation 1 - Google Slides,54,9,13,0,32,23:33:07
354,2025-02-12,00:06:34,Elaine Zhang - Paper Presentation 1 - Google Slides,18:01:51,"Inbox (7,675) - zzb2rf@virginia.edu - UVa Mail",59,16,25,4,14,18:01:51
355,2025-02-13,10:57:10,NetBadge Message - Loading Session Information,12:16:33,max file size in github - Google Search,4,2,2,0,0,12:16:33
356,2025-02-14,11:17:22,"Inbox (7,262) - elzhang066@gmail.com - Gmail",14:20:13,STS Paper Draft #1 & Peer Review,19,6,11,2,0,14:20:13
357,2025-02-15,13:42:37,YouTube,21:17:57,Shop Menu | Nintendo,26,1,24,1,0,21:17:57
358,2025-02-16,11:02:01,"Inbox (7,267) - elzhang066@gmail.com - Gmail",13:01:11,2005.11401,11,5,6,0,0,13:01:11
359,2025-02-17,11:04:38,Re: Itemized Statement - Elaine Zhang - elzhang066@gmail.com - Gmail,17:53:05,ipynb to pdf - Google Search,69,17,28,11,13,17:53:05
360,2025-02-18,10:46:04,when does remi ashten post - Google Search,22:41:50,elaine-zhang12/dmtl4: DMTL4: Discrete Mathematics and Theory in Lean 4,104,36,19,26,23,22:41:50
361,2025-02-19,11:21:47,YouTube,21:48:28,(25) Feed | LinkedIn,41,2,21,1,17,21:48:28
362,2025-02-20,10:44:23,"Inbox (7,270) - elzhang066@gmail.com - Gmail",22:46:58,Long Context Language Models - Google Slides,28,4,15,0,9,22:46:58
363,2025-02-21,09:14:47,nail salons - Google Search,22:08:52,Google Takeout Sleep Analysis,32,21,5,2,4,22:08:52
364,2025-02-22,09:27:35,Long Context Language Models - Google Slides,22:48:37,"Inbox (7,689) - zzb2rf@virginia.edu - UVa Mail",38,22,0,16,0,22:48:37
365,2025-02-23,12:09:35,Sign in - Google Accounts,12:54:21,Google Takeout,12,7,0,5,0,12:54:21
